Title,Company,Reward,Link

웹/모바일 클라이언트(React/Flutter) 개발자,엘에스엠케이(LSMK),합격보상금 100만원,https://www.wanted.co.kr/wd/214936

[5년 이상] Mobile (Flutter) 개발자,큐픽스,합격보상금 100만원,https://www.wanted.co.kr/wd/207359

Flutter 개발자,섬재,합격보상금 100만원,https://www.wanted.co.kr/wd/214670

플러터 개발자,비밀리,합격보상금 100만원,https://www.wanted.co.kr/wd/170344

Flutter 앱 개발자 (3년 이상),모빌리버스,합격보상금 100만원,https://www.wanted.co.kr/wd/207790

플러터 모바일앱 개발자,한국미용데이터,합격보상금 100만원,https://www.wanted.co.kr/wd/197630

Flutter 앱 & Node.js 개발자,인졀미,합격보상금 100만원,https://www.wanted.co.kr/wd/210107

Flutter 플러터 앱 엔지니어,밀크코퍼레이션,합격보상금 100만원,https://www.wanted.co.kr/wd/161675

웹/모바일 클라이언트(React/Flutter) 개발자,엘에스엠케이(LSMK),합격보상금 100만원,https://www.wanted.co.kr/wd/214936

[5년 이상] Mobile (Flutter) 개발자,큐픽스,합격보상금 100만원,https://www.wanted.co.kr/wd/207359

Flutter 개발자,섬재,합격보상금 100만원,https://www.wanted.co.kr/wd/214670

플러터 개발자,비밀리,합격보상금 100만원,https://www.wanted.co.kr/wd/170344

Flutter 앱 개발자 (3년 이상),모빌리버스,합격보상금 100만원,https://www.wanted.co.kr/wd/207790

플러터 모바일앱 개발자,한국미용데이터,합격보상금 100만원,https://www.wanted.co.kr/wd/197630

Flutter 앱 & Node.js 개발자,인졀미,합격보상금 100만원,https://www.wanted.co.kr/wd/210107

Flutter 플러터 앱 엔지니어,밀크코퍼레이션,합격보상금 100만원,https://www.wanted.co.kr/wd/161675

Flutter 앱 개발자,비사이드코리아,합격보상금 100만원,https://www.wanted.co.kr/wd/120367

Flutter 모바일 개발,버터플라잉,합격보상금 100만원,https://www.wanted.co.kr/wd/215084

[100억↑투자] 모바일 App 개발자(Flutter),비엘큐(테스트밸리),합격보상금 100만원,https://www.wanted.co.kr/wd/181248

Flutter 앱 개발자,선후,합격보상금 100만원,https://www.wanted.co.kr/wd/202253

크로스플랫폼(flutter)/ 시니어 프론트엔드 엔지니어,하이스트레인저,합격보상금 100만원,https://www.wanted.co.kr/wd/202720

Flutter 앱개발자,에버엑스,합격보상금 100만원,https://www.wanted.co.kr/wd/44773

크로스플랫폼 앱 개발자(Flutter) (SW팀),이노버스,합격보상금 100만원,https://www.wanted.co.kr/wd/214854

Flutter 개발자 (병역특례_현역/보충역),넛지헬스케어(캐시워크),합격보상금 100만원,https://www.wanted.co.kr/wd/168259

아파트사업본부 APP(아보카도)개발 - Senior (flutter),더즌(dozn),합격보상금 100만원,https://www.wanted.co.kr/wd/207049

프론트엔드(Flutter) 개발자,와이엠스타,합격보상금 100만원,https://www.wanted.co.kr/wd/192579

Flutter 개발자,코보시스,합격보상금 100만원,https://www.wanted.co.kr/wd/99737

프론트엔드 개발자(Flutter) 신입,피노키오랩,합격보상금 100만원,https://www.wanted.co.kr/wd/214814

Flutter 앱 개발자,더클라우드팩토리,합격보상금 100만원,https://www.wanted.co.kr/wd/198773

플러터 개발자,모노리스,합격보상금 100만원,https://www.wanted.co.kr/wd/194856

플러터 개발자 (2년 이상),더블유클럽,합격보상금 100만원,https://www.wanted.co.kr/wd/73811

플러터 개발자 (3년 이상),다이노즈,합격보상금 100만원,https://www.wanted.co.kr/wd/203296

Flutter 앱 개발자,솔리다리테(SolidariteInc.),합격보상금 100만원,https://www.wanted.co.kr/wd/212935

Flutter 프론트엔드 개발자,비욘드메디슨,합격보상금 100만원,https://www.wanted.co.kr/wd/212146

플러터 개발자,피에트(FIET),합격보상금 100만원,https://www.wanted.co.kr/wd/209183

[Plus]Flutter 개발자,앤서스랩코리아,합격보상금 100만원,https://www.wanted.co.kr/wd/214495

모바일/웹 클라이언트(flutter) 개발자(1년),스쿨버스,합격보상금 100만원,https://www.wanted.co.kr/wd/201909

APP Developer (Flutter),이브로드캐스팅,합격보상금 100만원,https://www.wanted.co.kr/wd/210359

플러터 모바일 앱 개발자,휴가중,합격보상금 100만원,https://www.wanted.co.kr/wd/212234

Flutter 개발자,와트,합격보상금 100만원,https://www.wanted.co.kr/wd/206135

Flutter 앱 & Node.js 개발자(신입 지원가능),인졀미,합격보상금 100만원,https://www.wanted.co.kr/wd/210056

플러터 앱 개발자,엑스플라이어,합격보상금 100만원,https://www.wanted.co.kr/wd/166936

Flutter 모바일 개발,인피니티익스체인지코리아,합격보상금 100만원,https://www.wanted.co.kr/wd/213826

Flutter Developer,아워튜브,합격보상금 100만원,https://www.wanted.co.kr/wd/214555

클라이언트팀 Flutter 개발자,로완,합격보상금 100만원,https://www.wanted.co.kr/wd/209205

"KMPlayer Mobile(Android, iOS) Flutter 개발",판도라티비,합격보상금 100만원,https://www.wanted.co.kr/wd/202989

[100억↑투자] 프론트엔드 개발자 (React-native / flutter),아파트멘터리,합격보상금 100만원,https://www.wanted.co.kr/wd/165183

"플러터 개발자(2,3년차 이상)",좋은습관,합격보상금 100만원,https://www.wanted.co.kr/wd/213777

Senior Flutter 앱 개발자 (3년 이상),테이블매니저,합격보상금 100만원,https://www.wanted.co.kr/wd/166654

Flutter 개발자,닥커넥트,합격보상금 100만원,https://www.wanted.co.kr/wd/206740

"[100억↑투자] App 개발(Flutter, Android, iOS)",비엘큐(테스트밸리),합격보상금 100만원,https://www.wanted.co.kr/wd/87917

모바일 앱 소프트웨어 개발 (Flutter / iOS / Android),블록체인랩스,합격보상금 100만원,https://www.wanted.co.kr/wd/138923

Flutter 앱 개발자,플랙스뉴럴랩스,합격보상금 100만원,https://www.wanted.co.kr/wd/151186

